transaction_id,customer_id,customer_name,account_id,account_type,payee_name,payee_bank,amount,transaction_type,transaction_date,location,status,z_score,rule_score,graph_score,risk_score,decision,reasons
1,1,Ramesh Kumar Sharma,1,Savings,Self / Cash,N/A,5000.0,Withdrawal,2026-01-10 10:30:00,Main Branch ATM,Completed,0.12,10.0,10.0,12.0,Normal,Routine ATM withdrawal
2,1,Ramesh Kumar Sharma,1,Savings,Self / Cash,N/A,7000.0,Withdrawal,2026-01-25 11:15:00,Main Branch ATM,Completed,0.28,10.0,10.0,15.0,Normal,Routine ATM withdrawal
3,1,Ramesh Kumar Sharma,1,Savings,Self / Cash,N/A,10000.0,Withdrawal,2026-02-12 14:20:00,Taluka Branch Counter,Completed,0.65,15.0,10.0,18.0,Normal,Normal cash withdrawal
4,1,Ramesh Kumar Sharma,1,Savings,Self / Cash,N/A,6000.0,Withdrawal,2026-02-28 09:45:00,Main Branch ATM,Completed,0.18,10.0,10.0,14.0,Normal,Routine cash withdrawal
5,1,Ramesh Kumar Sharma,1,Savings,Self / Cash,N/A,8000.0,Withdrawal,2026-03-15 16:00:00,Main Branch ATM,Completed,0.42,10.0,10.0,16.0,Normal,Routine cash withdrawal
6,1,Ramesh Kumar Sharma,1,Savings,Kisan Agro Seeds & Fertilizers,State Cooperative Apex Bank,15000.0,Transfer,2026-02-05 11:00:00,NetBanking,Completed,0.35,10.0,15.0,18.0,Normal,Regular vendor payment
7,1,Ramesh Kumar Sharma,1,Savings,Kisan Agro Seeds & Fertilizers,State Cooperative Apex Bank,18000.0,Transfer,2026-03-02 12:30:00,NetBanking,Completed,0.48,10.0,15.0,20.0,Normal,Regular vendor payment
8,1,Ramesh Kumar Sharma,2,Agricultural Credit,Kisan Agro Seeds & Fertilizers,State Cooperative Apex Bank,22000.0,Transfer,2026-02-10 15:10:00,Branch Counter,Completed,0.5,15.0,15.0,22.0,Normal,Fertilizer purchase
9,1,Ramesh Kumar Sharma,2,Agricultural Credit,Gramin Solar Pumps Ltd,District Central Coop Bank,35000.0,Transfer,2026-03-01 10:00:00,Branch Counter,Completed,0.85,20.0,20.0,28.0,Normal,Solar pump equipment payment
10,2,Suresh Patel,3,Savings,Kisan Agro Seeds & Fertilizers,State Cooperative Apex Bank,12000.0,Transfer,2026-02-14 11:40:00,UPI,Completed,0.2,10.0,15.0,16.0,Normal,Routine agriculture supply
11,2,Suresh Patel,3,Savings,Self / Cash,N/A,6000.0,Withdrawal,2026-03-10 17:15:00,Main Branch ATM,Completed,0.15,10.0,10.0,14.0,Normal,Personal cash withdrawal
12,3,Anjali Deshmukh,4,Current,Apex Cotton Mills,State Cooperative Apex Bank,45000.0,Transfer,2026-02-18 16:30:00,NEFT,Completed,0.9,20.0,20.0,25.0,Normal,Cotton mill supply batch 1
13,3,Anjali Deshmukh,4,Current,Apex Cotton Mills,State Cooperative Apex Bank,48000.0,Transfer,2026-03-05 14:10:00,NEFT,Completed,0.95,20.0,20.0,26.0,Normal,Cotton mill supply batch 2
14,2,Suresh Patel,3,Savings,Shreeji Dairy Machinery,National Agricultural Bank,75000.0,Transfer,2026-03-18 10:15:00,NetBanking,Under Review,2.15,60.0,30.0,52.0,Review Required,"Amount exceeds threshold (₹50,000); New payee detected for this account"
15,1,Ramesh Kumar Sharma,1,Savings,Unknown Shell Entity Alpha,Offshore Commercial Bank,90000.0,Transfer,2026-03-20 18:45:00,NetBanking,Flagged,7.0,85.0,65.0,82.0,Suspicious,Amount exceeds threshold; New payee detected; Statistical anomaly is high (Z=7.00); DMGT Rule 2 fired (A ∧ N ∧ Z)
16,6,Govind Narain,7,Savings,FastCash P2P Merchant,Private Payments Bank,45000.0,Transfer,2026-03-21 12:00:00,UPI,Under Review,3.8,40.0,80.0,62.0,Review Required,High statistical Z-score anomaly (Z=3.80); Graph network behavior is unusual (DMGT Rule 3 fired: Z ∧ G)
17,4,Balwanth Singh,5,Agricultural Credit,Unknown Shell Entity Alpha,Offshore Commercial Bank,150000.0,Transfer,2026-03-22 14:30:00,RTGS,Flagged,8.2,95.0,90.0,94.0,Suspicious,"All conditions met: High Amount, New Payee, High Z-Score (Z=8.20), High Graph Centrality Risk (DMGT Rule 4 fired: A ∧ N ∧ Z ∧ G)"
